CategoryID,ProductsInCategory,CategoryRevenue,CategoryRevenueShare,HHI_CategorySKU,EffectiveSKUCount,SKUCountToEffectiveRatio,RevenueConcentrationIndex_Bounded,HHI_CompanyCategory
1,12,267958.18,0.212,0.304,3.29,3.65,0.726,0.143
4,10,234507.28499999997,0.185,0.17,5.88,1.7,0.412,0.143
3,13,167357.22499999998,0.132,0.142,7.04,1.85,0.459,0.143
6,6,163022.3595,0.129,0.313,3.19,1.88,0.468,0.143
8,12,131298.53750000003,0.104,0.127,7.9,1.52,0.341,0.143
2,12,106047.08499999999,0.084,0.107,9.37,1.28,0.219,0.143
7,5,99984.58000000002,0.079,0.297,3.37,1.48,0.326,0.143
5,7,95744.5875,0.076,0.274,3.65,1.92,0.478,0.143
