ProductCategoryId,LineItemCount,OrderCount,ProductCount,CategoryRevenue,Revenueshare,RunningShare
1,405,355,12,267958.17999999993,0.2116707327265171,0.2116707327265171
4,366,303,10,234507.285,0.18524655170316573,0.3969172844296828
3,334,295,13,167357.22499999995,0.1322020713934786,0.5291193558231614
6,173,161,6,163022.3595,0.1287777901990926,0.657897146022254
8,331,292,12,131298.5375,0.10371789224178599,0.76161503826404
2,216,193,12,106047.08500000002,0.0837707741762586,0.8453858124402985
7,136,129,5,99984.57999999999,0.07898176241513907,0.9243675748554376
5,196,182,7,95744.58750000001,0.07563242514456225,0.9999999999999999
