Rank,Customerid,TotalRevenue,RevenueShare,CumulativeRevenueShare
1,QUICK,110277.30500000001,0.08711239176372824,0.08711239176372824
2,ERNSH,104874.9785,0.08284488103245338,0.1699572727961816
3,SAVEA,104361.95,0.08243961959014702,0.2523968923863286
4,RATTC,51097.800500000005,0.040364167544907174,0.2927610599312358
5,HUNGO,49979.905,0.039481097807694154,0.33224215773892996
