Top20Percent,CustomersInGroup,TotalRevenue,AvgRevenuePerCustomer,TotalOrders,RevenueShareofGroup,AvgAOV_Simple,AOV_Weighted
Top20Pct,17,739396.3415000001,43493.90244117648,303,0.5840783266277264,2268.9848648947413,2440.251952145215
Bottom80Pct,72,526523.498,7312.8263611111115,528,0.41592167337227354,895.6908942252383,997.2035946969697
